INDEX_DATE,ITEM_ID,ITEM_DESC,INDEX_ALGORITHM,STRATUM_IND,ITEM_INDEX,ALL_GM_INDEX,GM_RA_INDEX,COICOP_WEIGHT,ITEM_WEIGHT,CPIH_COICOP_WEIGHT
201807,210102,LARGE LOAF-WHITE-UNSLICED-800G,1,1,101.031,100.8,101.031,0.3,0.4,0.24
201807,210106,SIX BREAD ROLLS-WHITE/BROWN,1,1,101.241,101.887,101.241,0.6,0.68,0.48
201807,210111,WHITE SLICED LOAF BRANDED 750G,1,1,98.055,98.385,98.055,0.9,1.08,0.72
201807,210113,WHOLEMEAL SLICED LOAF BRANDED,1,1,98.165,98.318,98.165,0.75,0.88,0.6
201807,210114,CHILLED GARLIC BREAD,1,1,103.326,103.143,103.326,0.75,0.96,0.6
201807,210201,FLOUR-SELF-RAISING-1.5KG,1,1,91.166,90.458,91.166,0.3,0.12,0.24
201807,210204,DRY SPAGHETTI OR PASTA 500G,1,1,94.747,91.149,94.747,0.15,0.27,0.12
201807,210211,CORN SNACK SINGLE PACK MAX 50G,1,1,101.994,101.809,101.994,0.65,0.45,0.5
201807,210212,BASMATI RICE 500G-1KG,1,1,110.649,109.257,110.649,0.3,0.45,0.24
201807,210213,BREAKFAST CEREAL 1,1,1,104.926,104.038,104.926,1.05,0.42,0.84
201807,210214,BREAKFAST CEREAL 2,1,1,102.44,100.966,102.44,1.95,0.75,1.56
201807,210215,CEREAL BAR,1,1,109.613,109.819,109.613,0.3,0.27,0.24
201807,210216,HOT OAT CEREAL,1,1,104.569,103.82,104.569,0.45,0.15,0.36
201807,210217,RICE MICRO POUCH/TRAY 220-280G,1,1,110.234,109.914,110.234,0.15,0.12,0.12
201807,210301,CREAM CRACKERS PACK 200G-300G,1,1,99.929,99.003,99.929,0.6,0.6,0.48
201807,210302,PLAIN BISCUITS-200-300G,1,1,97.852,97.525,97.852,1.35,1.44,1.08
201807,210317,FRUIT PIES 4-6 PACK,1,1,88.6,88.367,88.6,0.3,0.36,0.24
201807,210319,DOUGHNUT-EACH,1,1,99.811,98.565,99.811,0.75,0.84,0.6
201807,210320,WHOLE SPONGE CAKE NOT FROZEN,1,1,95.412,97.121,95.412,0.75,0.9,0.6
201807,210321,PACK OF 5-6 INDIVIDUAL CAKES,1,1,101.145,101.496,101.145,1.05,1.08,0.84
201807,210323,BISCUITS HALF CHOC 260-400G,1,1,88.605,90.029,88.605,0.75,0.78,0.6
201807,210403,HOME KILLED BEEF-LEAN MINCE KG,1,1,97.18,96.88,97.18,0.8,0.9,0.64
201807,210406,HOME KLD BEEF-RUMP/POPES STEAK,1,1,99.877,100.108,99.877,1,1.2,0.8
201807,210413,HOME KILLED BEEF-TOPSIDE KG,1,1,90.785,90.339,90.785,0.4,0.54,0.32
201807,210414,FROZEN BEEFBURGERS PACK OF 4,1,1,100.657,99.674,100.657,0.4,0.36,0.32
201807,210502,HOME KILLED LAMB-SHOULDER KG,1,1,122.006,122.089,122.006,0.4,0.61,0.32
201807,210506,HK LAMB LOIN CHOP/STEAK PER KG,1,1,103.504,103.477,103.504,0.2,0.39,0.16
201807,210606,FRZEN IMP LAMB: LEG (PER KG),1,1,104.544,104.619,104.544,0.8,1,0.64
201807,210703,HOME KILLED PORK-LOIN CHOPS KG,1,1,98.609,98.046,98.609,1,1,0.8
201807,210802,BACON-GAMMON-PER KG,1,1,96.821,96.377,96.821,0.6,0.24,0.48
201807,210808,BACON-BACK-PER KG,1,1,97.32,97.044,97.32,1.8,0.76,1.44
201807,210905,FRESH/CHILLED CHICKEN  PER KG,1,1,99.371,99.28,99.371,0.6,0.88,0.48
201807,210910,FRESH BONELESS CHICKEN BREAST,1,1,99.563,99.516,99.563,1.6,2.04,1.28
201807,210911,FRESH TURKEY STEAKS PER KG,1,1,100.462,100.521,100.462,0.2,0.32,0.16
201807,210912,FROZEN CHICKEN BREASTS,1,1,98.544,98.471,98.544,0.4,0.56,0.32
201807,210913,ROTISSERIE CHICKEN [WHOLE],1,1,101.785,102.299,101.785,0.2,0.2,0.16
201807,211007,CANNED MEAT-STEWED STEAK,1,1,103.435,103.709,103.435,0.2,0.12,0.16
201807,211011,INDIVIDUAL MEAT PIE,1,1,103.394,103.849,103.394,1,0.84,0.8
201807,211014,SAUSAGES-PORK-PER KG,1,1,100.747,100.582,100.747,1.8,0.78,1.44
201807,211019,FROZ CHICKEN NUGGETS 220-600G,1,1,98.333,98.795,98.333,0.6,0.54,0.48
201807,211023,COOKED HAM PREPACKED SLICED,1,1,95.725,96.794,95.725,2.4,1.08,1.92
201807,211024,CONTINENTAL SLICED DELI MEAT,1,1,99.113,99.262,99.113,1,0.42,0.8
201807,211025,JOINT OV/READ GAM/POR 450-700G,1,1,97.66,96.853,97.66,0.2,0.06,0.16
201807,211026,CHICKEN KIEV 2 PACK 240-310G,1,1,102.919,101.243,102.919,0.4,0.54,0.32
201807,211027,H K LIVER PER KG STATE TYPE,1,1,105.923,105.443,105.923,0.2,0.06,0.16
201807,211029,COOKED MEAT TURKEY/CHICK SLICE,1,1,99.084,98.956,99.084,0.4,0.6,0.32
201807,211030,MEAT BASED SNACK PACK MAX 400G,1,1,98.241,98.148,98.241,0.8,0.66,0.64
201807,211031,COOKED HAM LOOSE PER 100G,1,1,96.823,97.59,96.823,0.6,0.3,0.48
201807,211101,FRESH WHITE FISH FILLETS KG,1,1,100.188,100.7,100.188,0.36,0.6,0.27
201807,211105,FRESH FISH-SALMON FILLETS-KG,1,1,96.419,95.99,96.419,0.6,0.92,0.45
201807,211106,FROZEN PRAWNS PER KG,1,1,102.212,102.129,102.212,0.96,0.48,0.72
201807,211207,"CANNED FISH, TUNA, 130G-200G",1,1,102.517,102.138,102.517,1,0.96,0.75
201807,211210,FROZEN FISH FINGERS 8-12 PK,1,1,97.48,97.7,97.48,0.88,0.86,0.66
201807,211211,FROZEN BREAD/BAT FISH 400-550G,1,1,102.04,102.121,102.04,0.2,0.18,0.15
201807,211305,SPREADABLE BUTTER,1,1,105.005,105.572,105.005,0.42,0.59,0.42
201807,211306,BUTTER 250G SPEC COO,1,1,99.198,99.185,99.198,0.3,0.41,0.3
201807,211407,MARGARINE/LOW FAT SPREAD-500G,1,1,110.094,112.178,110.094,0.68,0.56,0.68
201807,211408,OLIVE OIL - 500ML - 1 LITRE,1,1,99.119,99.014,99.119,0.6,0.44,0.6
201807,211501,CHEDDAR-HOME PRODUCED PER KG,1,1,95.669,95.072,95.669,1.8,1.56,1.35
201807,211506,"CHEESE SPREAD, 125g-200g TUB",1,1,97.509,97.339,97.509,0.6,0.57,0.45
201807,211509,HARD REGIONAL CHEESE PER KG,1,1,100.805,100.44,100.805,0.24,0.21,0.18
201807,211510,PARMESAN CHEESE-PER KG,1,1,101.217,101.144,101.217,0.36,0.33,0.27
201807,211511,SOFT CONTINENTAL CHEESE - KG,1,1,98.345,98.299,98.345,0.36,0.33,0.27
201807,211602,EGGS-MEDIUM-PER DOZ OR 2 X 6,1,1,98.387,98.555,98.387,0.48,0.42,0.36
201807,211603,EGGS-LARGE-PER DOZ OR 2 X 6,1,1,99.568,99.491,99.568,0.72,0.58,0.54
201807,211707,DELVD MILK SEMI-SKIMMED PER PT,1,0,100.107,100.107,100.107,0.24,0.15,0.18
201807,211709,SHOP MILK-WHOLE MILK-4PT/2LTR,1,1,100.386,100.369,100.386,0.72,0.54,0.54
201807,211710,MILK SEMI-PER 2 PINTS/1.136 L,1,1,100.591,100.576,100.591,2.28,1.92,1.71
201807,211713,"MILK FLAVOURED, 180-500MLS/GMS",1,1,101.665,101.707,101.665,0.24,0.18,0.18
201807,211714,NON-DAIRY MILK DRINK 900ML-1LT,1,1,108.996,109.287,108.996,0.24,0.21,0.18
201807,211807,"YOGHURT/FROMAGE 4-6PK, 45-125G",1,1,123.439,122.237,123.439,1.44,1.72,1.08
201807,211808,CHILLED POT DESSERT 125-200G,1,1,98.461,98.319,98.461,0.84,0.84,0.63
201807,211814,YOGHURT-SMALL INDIVIDUAL,1,1,99.029,99.453,99.029,0.6,0.64,0.45
201807,211815,FRESH DOUBLE CREAM 250ML-300ML,1,1,98.2,98.059,98.2,0.36,0.36,0.27
201807,211816,POWDERED BABY FORMULA 400-900G,1,1,96.023,95.514,96.023,0.48,0.44,0.36
201807,211901,TEA BAGS PKT OF 80 (230G-250G),1,1,99.917,99.858,99.917,0.75,0.77,0.75
201807,211904,TEA BAGS-2-PACKET OF 240,1,1,93.655,94.425,93.655,0.21,0.23,0.21
201807,212001,"FRUIT SQUASH, 750ML - 1.5LT",1,1,86.158,87.37,86.158,0.8,0.8,0.7
201807,212006,FRUIT JUICE NOT ORANGE 1L,1,1,101.086,101.37,101.086,0.48,0.48,0.42
201807,212008,LEMONADE-2 LITRE BOTTLE,1,1,97.038,97.449,97.038,0.16,0.16,0.14
201807,212010,MINERAL WATER STILL 1.5-2L,1,1,103.696,102.342,103.696,0.32,0.56,0.28
201807,212011,COLA FLAVD DRINK 1.25-2 LT BTL,1,1,120.757,118.3,120.757,1.36,1.2,1.19
201807,212015,FIZZY ENERGY DRINK 250-500ML,1,1,107.444,107.387,107.444,1.04,0.96,0.91
201807,212016,FRESH/CHILL ORANGE JUICE 900ML,1,1,109.399,109.018,109.399,1.04,0.96,0.91
201807,212017,FIZZY BOTTLED DRINK 500ML,1,1,104.468,104.091,104.468,1.28,1.12,1.12
201807,212019,PURE FRUIT SMOOTHIE 750ML-1LTR,1,1,96.632,96.893,96.632,0.16,0.16,0.14
201807,212020,FRUIT DRINK BOTTLE 4-8 PACK,1,1,101.059,97.356,101.059,0.08,0.08,0.07
201807,212021,BOTTLE STILL WATER 500ML,1,1,101.066,100.05,101.066,0.16,0.32,0.14
201807,212022,MIXER DRINK BOTTLE 1L EG TONIC,1,1,104.858,104.111,104.858,0.48,0.4,0.42
201807,212023,COLA/FIZZY DRINK 330ML PK 4-8,1,1,117.651,117.977,117.651,0.32,0.32,0.28
201807,212024,FLAVOURED WATER BOTT 900ML-1.5,1,1,109.157,107.037,109.157,0.32,0.48,0.28
201807,212101,SUGAR -GRANULATED-WHITE-PER KG,1,1,102.202,100.47,102.202,0.65,0.31,0.55
201807,212106,JAR OF JAM-340-454G,1,1,108.221,107.323,108.221,0.91,0.52,0.77
201807,212107,HONEY JAR/BOTTLE 340G-454G,1,1,102.343,102.668,102.343,0.26,0.17,0.22
201807,212202,MINTS,1,1,100.193,100.177,100.193,0.13,0.11,0.11
201807,212211,CHOCOLATE 4,1,1,100.288,100.388,100.288,1.04,1.87,0.88
201807,212214,FRUIT PASTILLES 2,1,1,101.683,101.904,101.683,0.52,0.99,0.44
201807,212217,CHEWING/BUBBLE GUM-SINGLE PK,1,1,99.234,99.571,99.234,0.13,0.33,0.11
201807,212218,CARTON/BOX OF CHOCS 150-400GM,1,1,93.114,94.054,93.114,1.69,1.43,1.43
201807,212222,CHOCOLATE 10,1,1,100.626,100.537,100.626,1.82,1.43,1.54
201807,212223,BRAND CHOC SWEETS 100-185G BAG,1,1,91.653,91.858,91.653,0.91,0.77,0.77
201807,212224,"SWEETS, NOT CHOC, 150-250G BAG",1,1,97.478,97.787,97.478,0.65,1.21,0.55
201807,212225,CHOCOLATE LARGE BAR 100-200G,1,1,103.02,102.838,103.02,1.69,1.43,1.43
201807,212226,CHOCOLATE 12,1,1,101.967,101.981,101.967,0.39,1.21,0.33
201807,212227,CHOCOLATE 13,1,1,99.61,99.753,99.61,0.26,0.22,0.22
201807,212360,POTATOES-OLD WHITE PER KG,1,0,99.561,97.334,98.415,0.65,0.62,0.5
201807,212361,POTATOES- BAKING PER KG,1,0,97.376,97.508,97.258,0.13,0.16,0.1
201807,212399,POTATOES-NEW-LOOSE-PER KG,1,0,95.067,97.123,96.04,0.26,0.22,0.2
201807,212402,POTATO CRISPS 25G-50G,1,1,105.303,105.381,105.444,0.39,0.33,0.3
201807,212404,POTATO CRISPS-MULTI-PACK,1,1,97.872,99.776,100.324,1.3,0.96,1
201807,212405,FROZEN CHIPS 900G-1.5KG,1,1,103.554,103.002,102.263,0.91,0.96,0.7
201807,212408,PREMIUM POTATO CRISPS/CHIPS,1,1,74.022,72.518,73.781,0.65,0.45,0.5
201807,212409,P'PARED MASHED POTATO 400-650G,1,1,100.659,99.854,100.45,0.26,0.3,0.2
201807,212504,FRESH VEG-CAULIFLOWER-EACH,1,1,99.104,99.346,99.51,0.39,0.42,0.3
201807,212510,FRESH VEG-CUCUMBER-WHOLE,1,1,101.076,101.245,100.986,0.26,0.3,0.2
201807,212511,FRESH VEG-LETTUCE-ICEBERG-EACH,1,1,106.542,106.539,106.532,0.26,0.3,0.2
201807,212515,FRESH VEG-TOMATOES-PER KG,1,1,98.431,98.577,98.482,0.91,0.96,0.7
201807,212516,FRESH VEG-CABBAGE-WHOLE-PER KG,1,1,107.958,108.328,107.857,0.26,0.24,0.2
201807,212518,FRESH VEG-CARROTS-PER KG,1,1,101.596,102.005,101.983,0.39,0.36,0.3
201807,212519,FRESH VEG-ONIONS-PER KG,1,1,99.945,98.52,99.277,0.52,0.54,0.4
201807,212520,FRESH VEG-MUSHROOMS-PER KG,1,1,97.831,97.795,97.709,0.52,0.48,0.4
201807,212527,PRE-PACKED SALAD 100-250G,1,1,96.869,96.744,97.407,0.39,0.48,0.3
201807,212530,FRESH VEG-BROCCOLI-PER KG,1,1,103.327,103.806,103.342,0.26,0.24,0.2
201807,212531,FRESH VEG-COURGETTE-PER KG,1,1,97.432,97.29,97.421,0.39,0.42,0.3
201807,212532,FRESH VEG-PEPPERS -LOOSE OR KG,1,1,101.82,102.777,102.501,0.39,0.42,0.3
201807,212533,VEGETABLE STIR FRY FRESH PACK,1,1,97.82,98.741,99.173,0.39,0.42,0.3
201807,212535,SWEET POTATO PER KG OR EACH,1,1,99.945,99.879,99.736,0.26,0.42,0.2
201807,212601,CANNED TOMATOES 390-400G,1,1,106.261,102.83,105.479,0.39,0.4,0.3
201807,212603,"BAKED BEANS, 400-420G TIN",1,1,105.787,105.818,106.118,0.39,0.52,0.3
201807,212608,CANNED SWEETCORN 198-340G,1,1,97.965,97.707,97.966,0.39,0.46,0.3
201807,212609,FROZEN GARDEN PEAS 800G-1KG,1,1,100.029,99.186,99.863,0.52,0.62,0.4
201807,212709,ORANGES-CLASS 1-EACH,1,1,101.35,101.041,100.993,0.36,0.35,0.32
201807,212710,AVOCADO PEAR-EACH,1,1,97.606,94.735,95.309,0.45,0.42,0.4
201807,212712,KIWI FRUIT-EACH,1,1,98.285,97.666,97.222,0.18,0.14,0.16
201807,212715,GRAPEFRUIT-EACH,1,1,100.715,100.795,100.674,0.18,0.21,0.16
201807,212716,APPLES-COOKING-PER KG,1,1,105.224,106.039,106.004,0.18,0.14,0.16
201807,212717,APPLES-DESSERT-PER KG,1,1,101.247,100.963,101.142,0.63,0.63,0.56
201807,212718,PEARS-DESSERT-PER KG,1,1,102.498,102.634,102.703,0.27,0.28,0.24
201807,212719,BANANAS-PER KG,1,1,101.595,101.899,101.735,0.81,0.77,0.72
201807,212720,STRAWBERRIES PER KG OR PUNNET,1,1,76.554,77.798,76.911,0.81,0.77,0.72
201807,212722,GRAPES-PER KG,1,1,93.194,93.272,93.32,0.81,0.77,0.72
201807,212725,SMALL TYPE ORANGES PER PACK/KG,1,1,103.916,105.138,104.091,0.27,0.21,0.24
201807,212726,PLUMS PER KG/PACK,1,1,99.089,100.281,99.611,0.45,0.42,0.4
201807,212728,PINEAPPLE EACH,1,1,96.781,94.657,94.008,0.18,0.21,0.16
201807,212730,FRUIT FRESH SNACKING 150-350G,1,1,100.507,101.378,100.782,0.36,0.35,0.32
201807,212731,MELON EACH EG HONEYDEW,1,1,79.266,73.495,77.684,0.18,0.21,0.16
201807,212732,LEMON EACH,1,1,103.399,103.032,102.853,0.18,0.21,0.16
201807,212733,BLUEBERRIES PUNNET OR PER KG,1,1,93.157,91.982,91.902,0.54,0.49,0.48
201807,212734,RASPBERRIES PUNNET OR PER KG,1,1,86.614,86.739,87.27,0.45,0.42,0.4
201807,212806,PACKET OF PEANUTS 150-300G,1,1,100.558,98.382,99.639,0.99,1.26,0.88
201807,212807,CANNED FRUIT-400-450G,1,1,98.826,98.665,98.914,0.36,0.3,0.32
201807,212808,DRIED FRUIT - EG APRICOTS,1,1,94.521,93.146,94.199,0.36,0.44,0.32
201807,212905,VEGETABLE PICKLE 280-520G,1,1,99.306,99.571,99.508,0.13,0.11,0.1
201807,212910,CANNED SOUP-390-425G,1,1,99.429,98.383,99.429,0.22,0.55,0.22
201807,212917,TOMATO KETCHUP BOTTLE 340-570G,1,1,103.808,102.934,103.808,0.32,0.88,0.32
201807,212918,FRZN READY-COOKD MEAL SERVES 1,1,1,98.825,98.159,98.825,0.08,0.33,0.08
201807,212923,COOK-IN SAUCE-JAR/CAN 350-520G,1,1,104.059,104.602,104.059,0.38,1.1,0.38
201807,212928,FROZ VEG BURGER/GRILL 180-454G,1,1,101.711,100.342,100.241,0.39,0.55,0.3
201807,212930,MAYONNAISE 390-500G/420-540MLS,1,1,98.136,98.922,98.136,0.26,0.77,0.26
201807,212933,ICE CREAM 500ML-1L,1,1,92.363,92.957,92.363,1.04,0.55,0.88
201807,212934,DRIED POTTED SNACK 50-120G,1,1,103.161,106.055,103.161,0.6,1.21,0.48
201807,212936,CHILLED READY MEAL-MEAT-SERVS1,1,1,99.445,99.308,99.445,0.34,1.54,0.34
201807,212937,CHILLED READY MEAL-FISH/VEG,1,1,99.962,99.738,99.962,0.3,1.43,0.3
201807,212938,CHOCOLATE COVERED ICE CREAM,1,1,85.291,85.226,85.291,0.91,0.44,0.77
201807,212939,CHILLED PIZZA EACH 300-600G,1,1,105.844,105.356,105.844,0.75,1.1,0.6
201807,212940,PROTEIN POWDER 900G-2KG,1,1,85.821,84.706,85.821,0.1,0.22,0.1
201807,212941,QUICHE 340G-450G,1,1,97.585,97.991,97.585,0.15,0.22,0.12
201807,213001,COFFEE: GROUND: FILTER FINE,1,1,102.816,102.075,102.816,0.3,0.3,0.3
201807,213003,COFFEE-INSTANT-100G JAR,1,1,99.225,99.311,99.225,1.2,1.24,1.2
201807,213005,HOT CHOCOLATE DRINK INSTANT,1,1,104.385,104.555,104.385,0.24,0.16,0.24
201807,213006,COFFEE PODS PACK 8-16,1,1,96.75,97.818,96.75,0.3,0.3,0.3
201807,220107,PUB -HOT MEAL,1,1,101.344,101.383,101.344,5.16,5.1,4.14
201807,220111,BURGER IN BUN-EAT IN,1,1,101.519,101.491,101.519,5.16,5.1,4.14
201807,220116,LEMONADE/COLA DRAUGHT,1,1,102.387,102.291,102.387,0.86,1.2,0.69
201807,220117,BOTTLED MINERAL WATER,1,1,101.702,101.595,101.702,0.86,1.2,0.69
201807,220120,IN STORE CAFETERIA MEAL,1,1,100.763,100.635,100.763,3.44,3.9,2.76
201807,220121,RESTAURANT CUP OF COFFEE,1,1,101.179,101.232,101.179,0.86,1.2,0.69
201807,220122,RESTAURANT - SWEET COURSE,1,1,101.641,101.58,101.641,2.58,2.7,2.07
201807,220123,ONBOARD CATERING,1,0,102.114,102.255,102.255,0.86,0.6,0.69
201807,220124,MUFFIN/INDIVIDUAL CAKE,1,1,100.63,100.654,100.63,2.58,2.7,2.07
201807,220125,FRUIT JUICE BOTTLE 250-350ML,1,1,101.583,101.486,101.583,0.86,1.2,0.69
201807,220128,RESTAURANT MAIN COURSE,1,1,100.791,100.757,100.791,5.16,5.1,4.14
201807,220208,STAFF RESTAURNT HOT SNACK ITEM,1,1,100.835,100.523,100.835,1.28,0.42,0.96
201807,220209,PRIMARY SCHOOL- FIXED CHARGE,1,1,100.857,100.929,100.857,1.28,0.66,0.96
201807,220210,SECONDARY SCHOOL- CAFETERIA,1,1,100.814,100.773,100.814,1.28,0.66,0.96
201807,220211,STAFF RESTAURANT FIZZY DRINK,1,1,106.158,106.795,106.158,1.28,0.42,0.96
201807,220212,STAFF RESTAURANT SANDWICH,1,1,101.606,103.285,101.606,1.44,0.42,1.08
201807,220214,STAFF RESTAURANT MAIN COURSE,1,1,102.056,102.24,102.056,1.44,0.42,1.08
201807,220301,FISH & CHIPS TAKEAWAY,1,1,101.549,101.584,101.549,1.72,1.36,1.38
201807,220303,SANDWICH-TAKE-AWAY (COLD),1,1,99.032,98.708,99.032,3.44,2.89,2.76
201807,220305,TEA -TAKE-AWAY,1,1,101.824,101.774,101.824,0.86,0.34,0.69
201807,220310,POTATO CRISPS-INDIVIDUAL PACK,1,1,100.914,100.933,100.914,0.86,1.02,0.69
201807,220316,PIZZA TAKEAWAY OR DELIVERED,1,1,101.161,101.239,101.161,1.72,1.36,1.38
201807,220318,INDIAN TAKEAWAY,1,1,100.283,100.22,100.283,1.72,1.36,1.38
201807,220319,CHINESE TAKEAWAY,1,1,101.642,101.58,101.642,1.72,1.36,1.38
201807,220320,TAKEAWAY SOFT DRINK,1,1,104.794,104.762,104.794,0.86,0.34,0.69
201807,220321,TAKEAWAY COFFEE LATTE,1,1,101.618,101.759,101.618,0.86,0.34,0.69
201807,220322,BURGER IN BUN- TAKEAWAY,1,1,102.306,102.516,102.306,1.72,1.36,1.38
201807,220323,KEBAB- TAKEAWAY,1,1,102.925,102.897,102.925,1.72,1.36,1.38
201807,220324,CINEMA POPCORN,1,1,100.353,100.442,100.353,0.86,0.85,0.69
201807,220325,VENDING MACHINE - SOFT DRINK,1,1,107.52,107.668,107.52,0.86,0.34,0.69
201807,220326,TAKEAWAY CHICKEN & CHIPS,1,1,102.109,102.312,102.109,1.72,1.36,1.38
201807,220327,T'AWAY COOKED SAVOURY PASTRY,1,1,100.778,100.509,100.778,1.72,1.36,1.38
201807,310102,DRAUGHT BITTER (PER PINT),1,1,101.561,101.439,101.561,3.44,3.96,2.76
201807,310104,DRAUGHT STOUT PER PINT,1,1,101.289,101.21,101.289,0.86,1.08,0.69
201807,310109,LAGER - PINT 3.4-4.2%,1,1,101.267,101.214,101.267,5.16,5.4,4.14
201807,310110,PREMIUM LAGER - PINT 4.3-7.5%,1,1,101.653,101.611,101.653,3.44,3.6,2.76
201807,310111,BOTTLED PREMIUM LAGER 4.3-7.5%,1,1,101.092,101.034,101.092,1.72,1.62,1.38
201807,310114,CIDER 4.5%-5.5% ABV PINT/BOTTL,1,1,101.017,100.906,101.017,2.58,2.34,2.07
201807,310207,BITTER-4CANS-440-500ML,1,1,101.375,101.264,101.375,0.45,0.35,0.36
201807,310215,LAGER 4 BOTTLES- PREMIUM,1,1,104.272,104.484,104.272,2,1.6,1.6
201807,310216,LAGER 12 - 24 CANS (440-500ML),1,1,94.303,94.998,94.303,1.15,0.9,0.92
201807,310217,LAGER 12-24 BOTTLE (250-300ML),1,1,93.044,92.897,93.044,1,0.8,0.8
201807,310219,STOUT - 4 CAN PACK,1,1,96.394,96.523,96.394,0.1,0.1,0.08
201807,310220,SPEC'Y BEER BOTT 500ML 4-5.5,1,1,100.985,101.266,100.985,0.3,0.25,0.24
201807,310221,APPLE CIDER 4 CAN PK 440-500ML,1,1,101.848,101.803,101.848,0.54,0.5,0.42
201807,310222,CIDER FLAVOURED BOTT 500-568ML,1,1,99.689,99.784,99.689,0.45,0.5,0.35
201807,310301,WHISKY (PER NIP) SPECIFY ML,1,1,101.635,101.549,101.635,2.58,2.85,2.07
201807,310302,VODKA (PER NIP) SPECIFY ML,1,1,101.625,101.565,101.625,4.3,4.94,3.45
201807,310306,BOTTLE OF MIXER 125-200ML,1,1,102.357,101.908,102.357,0.86,0.57,0.69
201807,310307,LIQUEUR PER NIP   SPECIFY ML,1,1,101.539,101.482,101.539,1.72,2.66,1.38
201807,310309,SPIRIT BASED DRINK 275ML,1,1,100.922,100.794,100.922,0.86,0.38,0.69
201807,310310,"WINE, PER 175 - 250 ML SERVING",1,1,102.659,102.572,102.659,3.44,3.8,2.76
201807,310315,BOTTLE OF WINE 70-75CL,1,1,102.559,102.486,102.559,3.44,3.8,2.76
201807,310401,WHISKY-70 CL BOTTLE,1,1,99.006,98.998,99.006,2.04,1.82,1.7
201807,310403,VODKA-70 CL BOTTLE,1,1,97.486,97.552,97.486,1.92,1.68,1.6
201807,310405,BRANDY 70CL BOTTLE,1,1,93.09,93.586,93.09,0.48,0.42,0.4
201807,310406,FORTIFIED WINE  (70-75CL),1,1,102.854,102.792,102.854,0.36,0.28,0.28
201807,310419,WHITE WINE- EUROPEAN 75CL,1,1,100.373,100.228,100.373,1.26,1.4,0.98
201807,310420,WHITE WINE- NEW WORLD 75CL,1,1,96.554,95.528,96.554,1.89,2.1,1.47
201807,310421,RED WINE- EUROPEAN 75CL,1,1,102.804,101.431,102.804,1.08,1.12,0.84
201807,310422,RED WINE- NEW WORLD 75CL,1,1,97.102,97.312,97.102,1.53,1.68,1.19
201807,310423,BOTTLE OF CHAMPAGNE 75 CL,1,1,91.343,91.26,91.343,0.36,0.42,0.28
201807,310425,ROSE WINE-75CL BOTTLE,1,1,99.043,99.204,99.043,0.63,0.7,0.49
201807,310426,SPARKLING WINE 75CL MIN 11%ABV,1,1,95.209,95.564,95.209,0.9,0.98,0.7
201807,310427,RUM WHITE EG BACARDI 70CL BOTT,1,1,97.614,97.798,97.614,0.66,0.56,0.55
201807,310428,CREAM LIQUER 70CL-1LT 14-20%,1,1,99.322,99.235,99.322,0.18,0.14,0.15
201807,310429,GIN BOTTLE 70CL-1LTR,1,1,96.124,96.548,96.124,0.72,0.7,0.6
201807,320108,CIGARETTES 8,1,1,103.748,103.772,103.748,3.08,3.04,2.52
201807,320115,CIGARETTES 15,1,1,103.686,103.695,103.686,6.82,6.65,5.58
201807,320122,20 FILTER - OTHER BRAND,1,1,101.22,101.227,101.22,4.62,4.56,3.78
201807,320123,ELECTRONIC CIGARETTE REFILL/LI,1,0,94.699,94.235,94.235,0.22,0.19,0.18
201807,320124,E-CIG REFILL BOTTL/CART 2-10ML,1,1,95.982,95.626,95.982,0.22,0.19,0.18
201807,320125,CIGARETTES 21,1,1,104.381,104.389,104.381,4.4,4.37,3.6
201807,320205,5 CIGARS: SPECIFY BRAND,1,1,102.213,102.228,102.213,0.22,0.24,0.18
201807,320206,HAND ROLLING TOBACCO PACK 30GM,1,1,104.161,104.061,104.161,2.42,3.76,1.98
201807,410105,LOCAL AUTH RENT - SCOTLAND,1,0,102.217,102.217,102.217,1.72,1.52,1.38
201807,410107,UNIVERSITY ACCOMODATION FEES,1,0,100,100,100,2.7,0,2.2
201807,410108,RSL RENTS,1,2,99.746,99.746,99.746,15.48,14.44,12.42
201807,410111,IMPUTED RENTS - ENGLAND,1,0,100.406,100.406,100.406,0,0,147.03
201807,410112,IMPUTED RENTS - WALES,1,0,100.245,100.245,100.245,0,0,6.76
201807,410113,IMPUTED RENTS - SCOTLAND,1,0,101.016,101.016,101.016,0,0,11.83
201807,410114,IMPUTED RENTS - N.IRELAND,1,0,103.101,103.101,103.101,0,0,3.38
201807,410115,PRIVATE RENTED PROPERTY,2,0,100.735,100.429,100.429,57.62,53.2,46.23
201807,410201,MORTGAGE INTEREST PAYMENTS,1,0,99.891,99.891,99.891,0,24,0
201807,410401,E & W SEWERAGE CHARGE,2,0,103.218,103.217,103.217,5.4,5.64,4.5
201807,410402,ENGLAND & WALES WATER CHARGES,2,0,102.235,102.235,102.235,4.5,5.16,3.6
201807,410403,SCOTLAND WATER CHARGES,1,0,101.581,101.581,101.581,0.5,0.6,0.4
201807,410405,SCOTTISH SEWERAGE CHARGE,1,0,101.595,101.595,101.595,0.6,0.6,0.5
201807,410508,PLUMBER-DAYTIME HOURLY RATE,2,1,100.696,100.581,100.581,0.7,3.06,0.35
201807,410509,ELECTRICIAN-DAYTIME RATE/HOUR,2,1,100.287,100.272,100.272,0.44,1.98,0.22
201807,410517,DECORATOR-DAILY RATE;SPEC HRS,2,1,100.55,100.487,100.487,0.44,1.98,0.22
201807,410518,CARPENTER HOURLY RATE,2,1,100.424,100.387,100.387,0.42,1.98,0.21
201807,410602,READY-MIXED FILLER-INT USE,1,1,99.797,100.367,99.797,0.05,0.24,0.05
201807,410607,PAINT BRUSH-2INCH/5CM WIDTH,1,1,99.598,101.245,99.598,0.09,0.48,0.09
201807,410611,DOOR HANDLE-PACK FOR ONE DOOR,2,1,103.086,102.444,102.444,1.55,1.28,1.24
201807,410614,POWER DRILL-HAMMER ACTION,2,1,102.727,101.882,101.882,0.3,0.4,0.24
201807,410619,SOFTWOOD-1.6M-2.4M LENGTH,1,1,103.586,104.155,103.586,0.13,0.64,0.13
201807,410621,VARNISH-CLEAR GLOSS-750ML-1LTR,1,1,99.794,99.188,99.794,0.05,0.24,0.05
201807,410625,SCREWDRIVER,2,1,116.252,111.374,111.374,0.35,0.48,0.28
201807,410629,WALLPAPER PER ROLL,1,1,101.891,102.148,101.891,0.13,0.64,0.13
201807,410631,SHOWER HEAD,2,1,102.419,99.664,99.664,0.23,1.28,0.23
201807,410632,HIRE OF DOMES CARPET CLEANER,1,1,98.258,98.613,98.258,0.3,0.24,0.24
201807,410633,MDF,1,1,105.127,103.851,105.127,0.12,0.64,0.12
201807,410637,CERAMI TILES 15X15-25X50CM BOX,2,1,102.033,101.142,101.142,0.05,0.24,0.05
201807,410638,WOODSCREWS STEEL/ZIN PLATED PK,1,1,99.601,102.646,99.601,0.3,0.56,0.24
201807,410639,PAINT GLOSS/EMUL 750ML-2.5LTR,2,1,107.42,104.736,104.736,0.15,0.64,0.15
201807,410701,DWELLING INSURANCE,2,0,104.27,102.862,102.862,0,4.34,0
201807,410703,GROUND RENT,1,0,100.225,100.225,100.225,0,2.66,0
201807,410801,HOUSE DEPRECIATION,1,0,100.225,100.225,100.225,0,83,0
201807,420101,COAL-HOUSEHOLD BEST QUAL 50KG,1,1,97.619,97.619,97.619,0.7,0.7,0.7
201807,420103,SMOKELESS FUEL 50KG,1,1,98.017,98.042,98.017,0.3,0.3,0.3
201807,420201,ELECTRICITY,1,0,105.057,105.057,105.057,17,20,13
201807,420301,GAS,1,0,104.132,104.132,104.132,14.7,15,11.76
201807,420404,BUTANE GAS,1,0,103.288,103.273,103.273,0.3,0.17,0.24
201807,420405,KEROSENE - 1000L DELIVERED,2,1,103.944,103.721,103.721,1,0.83,1
201807,430101,DOUBLE WARDROBE,2,1,99.016,97.97,97.97,1.08,1.68,0.84
201807,430104,ARMCHAIR -UPHOLSTERED,2,1,103.356,101.819,101.819,0.9,1.4,0.7
201807,430108,DOUBLE BED-WIDTH APPROX 135CM,2,1,100.424,99.338,99.338,1.26,1.96,0.98
201807,430119,KITCH BASE UNIT WIDTH 800-1000,2,1,97.483,96.271,96.271,1.44,2.52,1.12
201807,430120,COFFEE TABLE,2,1,100.104,98.506,98.506,0.36,0.56,0.28
201807,430122,SINGLE BED-WIDTH 90CM/3FT,2,1,103.588,102.497,102.497,1.26,1.96,0.98
201807,430127,CHEST OF DRAWERS,2,1,98.92,97.613,97.613,0.9,1.4,0.7
201807,430132,MATTRESS- 3FT/90CM,2,1,101.592,100.609,100.609,0.9,1.4,0.7
201807,430133,BOOKCASE/FREESTAND SHELV UNIT,2,1,99.241,97.932,97.932,0.9,1.4,0.7
201807,430134,TABLE LAMP,2,1,101.544,100.033,100.033,0.72,0.84,0.56
201807,430135,3 PIECE NON-LEATHER SUITE,2,1,102.332,101.011,101.011,0.9,1.4,0.7
201807,430136,PATIO TABLE & CHAIRS-SEASONAL,2,1,101.619,100.187,100.187,0.36,0.56,0.28
201807,430137,LEATHER SETTEE,2,1,105.147,103.369,103.369,2.7,4.48,2.1
201807,430138,HOME OFFICE DESK,2,1,108.002,104.521,104.521,0.36,0.56,0.28
201807,430139,KITCH WALL UNIT WIDTH 800-1000,2,1,96.529,94.98,94.98,1.44,2.52,1.12
201807,430140,SOFA BED,2,1,101.358,100.429,100.429,0.9,1.4,0.7
201807,430141,DINING TABLE & 2-6 CHAIRS,2,1,98.327,97.104,97.104,1.08,1.68,0.84
201807,430142,HIGH CHAIR,2,1,97.268,96.098,96.098,0.18,0.28,0.14
201807,430211,DUVET-DOUBLE TOG 10-13.5,2,1,102.667,101.502,101.502,1.12,0.54,0.8
201807,430216,DUVET COVER,2,1,102.493,99.56,99.56,1.19,0.54,0.85
201807,430224,FITTED BED SHEET,2,1,103.51,101.115,101.115,1.12,0.54,0.8
201807,430227,LAMINATE FLOORING PER SQ M,2,2,102.545,101.671,101.671,0.76,0.45,0.76
201807,430228,BATH SHEET,2,1,106.073,102.917,102.917,1.19,0.63,0.85
201807,430229,FABRIC ROLLER BLIND 120-180CM,2,1,108.883,106,106,1.19,0.63,0.85
201807,430230,CARPET -AXMINSTER(MIN 80% WOOL,2,2,100.519,100.157,100.157,0.84,1.26,0.84
201807,430233,CARPET TUFTED 100% MANMADE FIB,2,2,99.8,97.87,97.87,0.8,1.26,0.8
201807,430234,CARPET TUFTED MIN 80% WOOL FIB,2,2,101.664,101.379,101.379,0.8,1.26,0.8
201807,430235,FLOOR RUG STATE SIZE & MATERIA,2,2,96.736,94.966,94.966,0.8,1.26,0.8
201807,430236,CURTAINS READY MADE SP'FY SIZE,2,1,103.095,101.372,101.372,1.19,0.63,0.85
201807,430304,ELECTRIC COOKER,2,1,103.911,103.07,103.07,0.88,0.7,0.66
201807,430307,ELECTRIC KETTLE - 1.5-1.7L,2,1,110.328,106.961,106.961,0.72,0.7,0.54
201807,430317,ELECTRIC IRON,2,1,110.483,106.739,106.739,0.24,0.35,0.18
201807,430321,ELECTRIC RAZOR,2,1,99.694,94.63,94.63,0.46,0.21,0.38
201807,430323,PHONE NT MOBILE(SPEC DIG/ANAL),2,1,106.685,101.299,101.299,0.23,0.07,0.19
201807,430351,ELECTRIC HAIR STYLING APP,2,1,100.442,98.457,98.457,0.69,0.42,0.57
201807,430355,VACUUM CLEANER,2,1,107.485,106.357,106.357,1.84,0.91,1.38
201807,430356,DISH WASHER 12-15 PLACE SET,2,1,102.639,101.86,101.86,0.32,0.21,0.24
201807,430357,SMART PHONE HANDSETS,2,0,87.374,85.62,85.62,0.46,0.84,0.38
201807,430358,ELECTRIC HEATER -SEASONAL,2,1,99.113,98.74,98.74,0.64,0.35,0.48
201807,430359,ELECTRIC COOLING FAN -SEASONAL,2,1,101.403,98.365,98.365,0.24,0.35,0.18
201807,430361,WASHING MACH NO DRYER MAX 1800,2,1,99.682,97.698,97.698,1.52,1.05,1.14
201807,430362,FRIDGE/FREEZER SPEC CAPACITIES,2,1,100.706,100.167,100.167,0.8,0.84,0.6
201807,430407,"SMALL SAUCEPAN,MILK",2,1,100.798,99.443,99.443,0.7,0.56,0.56
201807,430409,SCISSORS - HOUSEHOLD,2,1,102.185,101.042,101.042,0.65,0.56,0.52
201807,430413,GAS FIRE,2,2,101.602,101.465,101.465,0.4,0.24,0.3
201807,430414,GAS COOKERS-SPECIFY MAKE & MOD,2,2,101.07,100.166,100.166,0.4,0.28,0.3
201807,430418,PLASTIC FOOD STORAGE CONTAINER,1,1,103.376,103.801,103.376,1,0.92,0.8
201807,430419,STAINLESS STEEL CUTLERY SET,2,1,102.576,101.973,101.973,0.25,0.16,0.2
201807,430420,CROCKERY SET;SPECIFY CONTENTS,2,1,104.914,103.19,103.19,0.4,0.36,0.32
201807,430422,PLAIN GLASS TUMBLER,1,1,97.486,96.412,97.486,0.4,0.36,0.32
201807,430423,FRYING PAN 24-30CM,2,1,102.869,101.317,101.317,0.65,0.56,0.52
201807,430503,BALL POINT,1,1,102.158,102.574,102.158,0.64,0.44,0.48
201807,430505,ALUMINIUM COOKING FOIL 300MM,1,1,98.36,97.913,98.36,0.2,0.44,0.16
201807,430507,WASHING UP LIQUID 380-900ML,1,1,96.729,97.941,96.729,0.45,0.44,0.36
201807,430509,HOUSEHOLD CLEANER CREAM/LIQUID,1,1,97.84,98.413,97.84,1.05,1.1,0.84
201807,430515,PACKET OF ENVELOPES,1,1,101.613,101.644,101.613,0.48,0.44,0.36
201807,430518,REFUSE SACK FROM PACK OF 10-20,1,1,99.622,99.547,99.622,0.25,0.44,0.2
201807,430519,WASHING POWDER - AUTOMATIC,1,1,98.518,97.534,98.518,0.45,0.44,0.36
201807,430524,LIGHT BULB,1,1,101.017,100.627,101.017,0.65,0.55,0.52
201807,430525,CLEAR STICKY TAPE,1,1,101.708,102.23,101.708,0.2,0.44,0.16
201807,430526,GREETINGS CARD; STATE CODE,1,1,100.211,100.175,100.211,1.32,0.44,0.99
201807,430527,A4 PRINTER PAPER (500 REAM),1,1,102.558,102.762,102.558,0.48,0.44,0.36
201807,430529,BLEACH 750ML,1,1,95.749,96.364,95.749,1.05,1.1,0.84
201807,430530,BLACK INKJET CARTRIDGE,2,1,100.17,99.64,99.64,0.6,0.44,0.45
201807,430531,FABRIC CONDITIONER 500ML-1.5LT,1,1,93.964,95.131,93.964,0.4,0.44,0.32
201807,430533,KITCHEN ROLL PK OF 2-4 SPECIFY,1,1,102.101,103.333,102.101,0.25,0.55,0.2
201807,430535,SHEET OF WRAPPING PAPER,1,1,101.133,102.764,101.133,0.48,0.44,0.36
201807,430536,TOILET ROLLS,1,1,100.219,100.407,100.219,2.3,1.32,1.9
201807,430538,DISHWASHER TABLETS PACK 16-45,1,1,105.247,103.359,105.247,0.4,0.44,0.32
201807,430539,DRYCELL BATTERY 4 PACK EG AA,1,1,105.287,105.285,105.287,0.75,0.66,0.6
201807,430613,DOG FOOD-CAN-385-400GM,1,1,101.234,99.997,101.234,1.08,1.26,0.84
201807,430617,ANIMAL CAGE (E.G FOR GERBIL),2,1,101.023,100.437,100.437,0.54,0.81,0.42
201807,430619,COMPLETE DRY DOG FOOD 1-3KG,1,1,102.718,102.618,102.718,1.08,1.17,0.84
201807,430621,ANNUAL BOOSTER INJECTION,1,2,101.302,101.21,101.302,1.98,1.35,1.54
201807,430622,DOG KENNEL FEES DAILY CHARGE,2,1,102.845,102.722,102.722,1.89,1.35,1.47
201807,430623,SMALL CAGED MAMMAL,2,1,101.119,101.011,101.011,0.45,0.99,0.35
201807,430624,CAT FOOD POUCH-IND-85G-100G,1,1,100.957,100.497,100.957,1.71,1.8,1.33
201807,430625,WILD BIRD SEED PACK 500G-2KG,1,1,94.328,98.093,94.328,0.27,0.27,0.21
201807,440101,DOMESTIC CLEANER HOURLY RATE,2,1,101.651,101.554,101.554,1.12,1.95,0.84
201807,440104,DRY CLEANING-MAN'S SUIT,1,1,102.526,102.546,102.526,0.83,0.39,0.83
201807,440105,DRIVING LESSON 1 HOUR,1,1,101.425,101.432,101.425,0.78,0.65,0.6
201807,440112,ELECTRICAL SERVICE CHARGE,2,0,100,100,100,0.5,0.13,0.5
201807,440113,WINDOW-CLEAN 3-BED SEMI,2,1,102.479,102.298,102.298,0.56,0.91,0.42
201807,440116,WASHING MACHINE REPAIR,2,1,100.936,100.882,100.882,0.5,0.13,0.5
201807,440118,PC REPAIR,2,1,101.851,101.683,101.683,1,0.26,1
201807,440120,CHILD MINDER - HOURLY RATE,1,1,101.049,101.041,101.049,6.3,2.08,4.9
201807,440121,CATERING-50 SET MENU PER HEAD,2,1,100.607,100.583,100.583,0.86,0.78,0.69
201807,440122,HOME DELIVERY CHARGES,2,0,101.757,99.617,99.617,0.96,0.13,0.8
201807,440123,HOME REMOVAL- 1 VAN,2,1,102.04,101.747,101.747,1.2,0.26,1
201807,440126,WEEKLY NANNY FEES,2,1,100.746,100.746,100.746,6.32,2.08,4.74
201807,440127,MONTHLY SELF STORAGE FEE,2,1,100.739,99.834,99.834,1.2,0.26,1
201807,440128,HOME CARE ASSISTANT HRLY RATE,2,1,102.527,102.414,102.414,3.24,1.95,2.52
201807,440129,PLAYGROUP FEES - PER SESSION,2,1,101.205,101.144,101.144,3.24,0.78,2.52
201807,440131,WATCH BATTERY REPLACEMENT,2,1,101.124,100.928,100.928,0.7,0.13,0.56
201807,440132,MEN'S CLOTHING HIRE- SEE HELP,2,1,99.961,99.892,99.892,0.17,0.13,0.17
201807,440202,ESTATE AGENT FEES (PERCENTAGE),1,0,100.083,100.083,100.083,0,2.09,0
201807,440204,TRADE UNION & PROF ORGS SUBS,1,0,98.681,98.681,98.681,1.8,0.57,1.5
201807,440208,HOUSE CONTENTS INSURANCE,2,0,100.463,98.742,98.742,1.5,2.85,1.5
201807,440218,SRVYRS FEES MORTGAGE VALUATION,1,0,98.825,98.825,98.825,1.44,0.19,1.2
201807,440224,DRIVING TEST FEES,1,0,100,100,100,0.26,0.19,0.2
201807,440226,HOME-BUYERS SURVEY-RSDNTL PPTY,2,2,100.196,99.998,99.998,0,0.19,0
201807,440227,FUNERAL-CREMATION,2,2,99.121,98.731,98.731,2.4,0.38,2
201807,440229,BIRTHS DEATHS AND MARRIAGES,1,0,100,100,100,0.12,0.19,0.1
201807,440230,UNI (INTL STUDENT) TUITION,1,0,100,100,100,4.18,0,3.42
201807,440231,PASSPORT FEES,1,0,114.749,114.749,114.749,0.24,0.19,0.2
201807,440232,NURSERY FEES: CHILD 0-4,2,2,102.471,102.365,102.365,2.34,0.57,1.82
201807,440233,NEWSPAPER AD NON TRADE 20 WORD,2,2,99.537,98.44,98.44,1.44,0.19,1.2
201807,440234,BANK OVERDRAFT CHARGES,1,0,100.221,100.221,100.221,1.87,0.19,1.53
201807,440236,UNIT TRUSTS COMM-INITIAL CHG,1,0,35.483,35.483,35.483,0.88,0,0.72
201807,440237,UNIT TRUSTS COMM-ONGOING CHG,1,0,100.858,100.858,100.858,0.88,0,0.72
201807,440239,UK UNIVERSITY TUITION FEES,2,0,100,100,100,10.56,3.8,8.64
201807,440240,BASIC WILL FOR A SINGLE PERSON,2,2,102.881,102.313,102.313,1.08,0.19,0.9
201807,440241,STOCKBROKER COMMISSION FEE,1,0,100.236,100.236,100.236,1.87,0,1.53
201807,440246,PET INSURANCE,2,0,98.883,98.565,98.565,0.42,0.76,0.42
201807,440247,BANKER'S DRAFT,1,0,100,100,100,0.66,0.19,0.54
201807,440249,HOUSE CONVEYANCING,2,1,100.238,100.202,100.202,0,0.76,0
201807,440250,PACKAGED CURRENT ACCOUNTS,1,2,106.662,106.662,106.662,1.21,0.19,0.99
201807,440251,OPEN UNIVERSITY FEES,1,0,100,100,100,0,0,0
201807,440252,MONEY TRANSFERS,1,0,100,100,100,0.66,0.19,0.54
201807,440254,HOURLY RATE FOR SOLICITOR,2,1,100.477,100.46,100.46,1.08,0.19,0.9
201807,440255,CREDIT CARD FEES,1,0,100.449,100.449,100.449,1.76,0.19,1.44
201807,440256,MORTGAGE ARRANGEMENT FEES,1,0,98.288,98.288,98.288,1.21,0.19,0.99
201807,440257,HOUSEHLD SERVICES MAINT POLICY,2,0,106.38,105.665,105.665,0.5,0.95,0.5
201807,440258,DATING AGENCY FEES,2,0,100,100,100,1.44,0.19,1.2
201807,440301,POSTAGE CHARGES,1,0,102.382,102.382,102.382,1,1,1
201807,440401,TELEPHONE CHARGES,1,0,100,100,100,1.38,1,1.14
201807,440402,MOBILE PHONE CHARGES,1,0,98.927,98.927,98.927,8.51,9.75,7.03
201807,440403,CABLE TELEPHONES,1,0,101.734,101.734,101.734,0.69,0.5,0.57
201807,440405,DIRECTORY ENQUIRIES,1,0,92.232,92.232,92.232,0.23,0.25,0.19
201807,440406,SUBSCRIPTION TO INTERNET,1,0,101.36,101.994,101.994,0.69,0.75,0.57
201807,440408,MOBILE PHONE APPLICATIONS,1,0,100.321,102.627,102.627,0.46,0.75,0.38
201807,440409,BUNDLED TELECOMS SERVICES,1,0,104.584,104.584,104.584,10.12,12,8.36
201807,510101,MENS SUIT-READY MADE,2,1,99.738,96.578,96.578,1.04,0.9,0.84
201807,510104,MENS JACKET/COAT,2,1,93.137,84.832,84.832,1.04,0.72,0.84
201807,510106,MENS JEANS,2,1,100.346,97.272,97.272,1.04,0.81,0.84
201807,510108,MEN'S JUMPER-KNITTED,2,1,98.538,89.716,89.716,0.52,0.45,0.42
201807,510109,MEN'S FORMAL SHIRT-LONG SLEEVE,2,1,103.478,101.125,101.125,1.04,0.54,0.84
201807,510113,MENS CASUAL S/SLEEVE TOP,2,1,107.067,101.649,101.649,0.52,0.45,0.42
201807,510117,MEN'S FORMAL RDY-MADE TROUSERS,2,1,102.294,99.002,99.002,0.52,0.27,0.42
201807,510118,MEN'S CASUAL TROUSERS,2,1,105.711,99.37,99.37,1.04,0.63,0.84
201807,510120,MEN'S JUMPER OR SWEATSHIRT,2,1,90.305,85.591,85.591,1.04,0.54,0.84
201807,510122,MEN'S TRACKSUIT/JOGGIN BOTTOMS,2,1,102.443,101.239,101.239,0.52,0.45,0.42
201807,510124,MENS SHORTS NOT SWIMWEAR,2,1,118.971,112.497,112.497,0.52,0.36,0.42
201807,510126,MENS BRANDED T-SHIRT,2,1,108.242,105.749,105.749,1.04,0.54,0.84
201807,510127,MENS OFFICIAL FOOTBALL SHIRT,2,1,102.113,98.506,98.506,0.52,0.36,0.42
201807,510128,MEN'S BRANDED SPORT SWEATSHIRT,2,1,99.186,96.597,96.597,0.52,0.45,0.42
201807,510130,MENS 3/4 TO FULL LENGTH COAT,2,1,102.09,95.083,95.083,1.04,0.54,0.84
201807,510131,MENS CASUAL SHIRT,2,1,103.366,97.692,97.692,0.52,0.45,0.42
201807,510132,MEN'S T-SHIRT SHORT SLEEVED,2,1,104.671,102.105,102.105,0.52,0.54,0.42
201807,510206,WOMENS BLOUSE/SHIRT 1,2,1,104.709,98.424,98.424,0.52,0.48,0.42
201807,510208,WOMEN'S FORMAL JACKET,2,1,101.649,92.759,92.759,1.04,0.8,0.84
201807,510212,WOMEN'S JUMPER,2,1,94.597,82.496,82.496,1.04,0.8,0.84
201807,510215,WOMENS BASIC PLAIN T-SHIRT,2,1,100.115,95.142,95.142,1.04,0.8,0.84
201807,510219,WOMEN'S CASUAL OUTER JACKET,2,1,98.3,88.388,88.388,1.56,1.12,1.26
201807,510223,WOMEN'S LONG SLV TOP-NT BLOUSE,2,1,115.165,100.179,100.179,1.04,0.64,0.84
201807,510233,WOMEN'S CARDIGAN,2,1,100.594,94.163,94.163,1.56,1.12,1.26
201807,510235,WOMEN'S TROUSERS-CASUAL,2,1,106.954,99.97,99.97,1.04,0.64,0.84
201807,510236,WOMEN'S TROUSERS-FORMAL,2,1,99.44,94.804,94.804,2.08,1.28,1.68
201807,510237,WOMEN'S SKIRT: CASUAL,2,1,116.659,105.056,105.056,0.52,0.32,0.42
201807,510238,WOMEN'S SKIRT: WORK/FORMAL,2,1,102.245,92.278,92.278,1.04,0.8,0.84
201807,510244,WOMEN'S VEST/STRAPPY TOP,2,1,113.989,105.026,105.026,0.52,0.32,0.42
201807,510245,WOMENS DRESS -CASUAL/FORMAL,2,1,105.8,95.722,95.722,1.56,0.96,1.26
201807,510246,WOMENS SHORT SLEEVE SPORTS TOP,2,1,105.515,101.396,101.396,0.52,0.48,0.42
201807,510248,WOMEN'S JEANS- OWN BRAND,2,1,98.652,94.954,94.954,0.52,0.48,0.42
201807,510249,WOMEN'S JEANS- BRANDED,2,1,94.593,91.021,91.021,1.04,0.64,0.84
201807,510250,WOMEN'S COAT - SEE HELP SCREEN,2,1,98.435,92.324,92.324,1.04,0.8,0.84
201807,510252,WOMEN'S CASUAL TROUSERS 2,2,1,110.542,100.318,100.318,0.52,0.64,0.42
201807,510254,WOMENS SPORTSWEAR SHORTS,2,1,106.117,101.42,101.42,0.52,0.32,0.42
201807,510255,WOMEN'S SWIMWEAR,2,1,101.681,100.532,100.532,0.52,0.16,0.42
201807,510256,WOMEN'S SHOWERPROOF JACKET,2,1,102.622,98.065,98.065,1.04,0.8,0.84
201807,510257,WOMENS BLOUSE / SHIRT 2,2,1,103.434,96.374,96.374,0.52,0.48,0.42
201807,510258,WOMENS LEGGINGS FULL LENGTH,2,1,105.434,100.195,100.195,0.52,0.32,0.42
201807,510259,WOMENS SHORT SLEEVE FORMAL TOP,2,1,117.388,105.136,105.136,1.04,0.64,0.84
201807,510260,WOMENS EXERCISE LEGGINGS,2,1,98.675,96.362,96.362,0.52,0.16,0.42
201807,510324,TROUSERS  FOR SCHOOL 5-13 YRS,2,1,97.77,92.99,92.99,1.04,0.6,0.84
201807,510328,BOYS JEANS (5-13 YEARS),2,1,98.122,94.6,94.6,1.04,0.6,0.84
201807,510330,BABYGRO OR SLEEPSUIT,2,1,101.627,99.233,99.233,1.04,0.45,0.84
201807,510336,GIRLS SKIRT FOR SCHOOL 5-13YRS,2,1,99.07,97.547,97.547,0.52,0.35,0.42
201807,510340,GIRLS FASHION TOP 12-13 YEARS,2,1,103.627,97.719,97.719,0.52,0.4,0.42
201807,510341,CHILDS TROUSERS (18MTHS-4YR),2,1,102.23,95.265,95.265,1.04,0.45,0.84
201807,510344,GIRLS TROUSERS NOT DENIM 5-13,2,1,100.36,94.949,94.949,0.52,0.35,0.42
201807,510346,CHILDS JUMPER,2,1,92.659,87.058,87.058,1.04,0.45,0.84
201807,510347,GIRLS JACKET (5-13 YEARS),2,1,92.381,85.818,85.818,0.52,0.4,0.42
201807,510348,BOYS T-SHIRT 3-13 YEARS,2,1,102.789,96.257,96.257,1.04,0.6,0.84
201807,510349,GIRLS LEGGINGS 5-13 YEARS,2,1,93.075,87.856,87.856,0.52,0.35,0.42
201807,510402,MEN'S PANTS/BOXER SHORTS,2,1,100.558,100.078,100.078,0.52,0.4,0.42
201807,510405,WOMEN'S NIGHTDRESS/PYJAMAS,2,1,95.906,91.834,91.834,1.04,0.5,0.84
201807,510406,WOMEN'S PANTS,2,1,102.224,100.338,100.338,1.04,0.5,0.84
201807,510407,"BRA, CUP SIZE A-D RANGE",2,1,103.45,101.485,101.485,1.04,0.5,0.84
201807,510410,CHILDS PYJAMAS 18MTHS-13YEARS,2,1,94.606,90.994,90.994,0.52,0.2,0.42
201807,510411,CHILDS PANTS 1PR 18MTHS-13YRS,1,1,98.801,99.087,98.801,0.52,0.25,0.42
201807,510413,MENS SOCKS 1 PAIR,2,1,100.539,100.173,100.173,0.52,0.4,0.42
201807,510415,WOMEN'S TIGHTS,2,1,100.618,99.717,99.717,1.04,0.5,0.84
201807,510416,CHILDS SOCKS 1 PR UK 3-6.5,1,1,97.704,96.882,97.704,0.52,0.2,0.42
201807,510419,MEN'S TIE,2,1,101.313,98.78,98.78,1.25,0.45,1
201807,510429,KNITTING WOOL-DOUBLE KNIT-100G,1,1,102.031,101.394,102.031,1.85,0.35,1.48
201807,510432,LADY'S SCARF,2,1,96.534,90.164,90.164,1.5,0.5,1.2
201807,510433,MENS BASE LAYER TOP LONG/SHORT,2,1,104.129,97.801,97.801,0.52,0.25,0.42
201807,510501,MENS SHOE FORMAL STYLE,2,1,104.971,102.422,102.422,0.48,0.48,0.4
201807,510506,WOMEN'S SANDALS,2,1,113.498,105.609,105.609,1.08,0.48,0.9
201807,510507,BOY'S SHOES,2,1,102.098,100.27,100.27,0.48,0.32,0.4
201807,510508,GIRL'S SHOES SCHOOL,2,1,105.078,102.966,102.966,0.48,0.32,0.4
201807,510515,MEN'S SHOE CASUAL STYLE,2,1,104.518,101.263,101.263,0.6,0.56,0.5
201807,510516,MEN'S TRAINING SHOE-SPORTSWEAR,2,1,102.934,101.099,101.099,1.08,1.04,0.9
201807,510517,WOMEN'S TRAINING SHOES,2,1,102.743,99.487,99.487,1.2,0.56,1
201807,510528,CHILD'S TRAINERS-SPORTS,2,1,102.435,100.738,100.738,0.96,0.72,0.8
201807,510529,WOMANS BOOTS,2,1,96.9,93.212,93.212,0.96,0.48,0.8
201807,510530,"WOMEN'S SHOES-FLAT MAX 1"" HEEL",2,1,106.678,102.476,102.476,1.56,0.72,1.3
201807,510533,WOMENS SHOE,2,1,104.589,99.426,99.426,1.56,0.72,1.3
201807,510534,WALKING/HIKING BOOT,2,1,100.586,99.125,99.125,0.84,0.88,0.7
201807,510535,CANVAS FASHION ADULT SHOE/TRAI,2,1,105.042,102.732,102.732,0.72,0.72,0.6
201807,520103,LADY'S UMBRELLA -FOLDING,2,1,99.254,98.255,98.255,0.25,0.44,0.2
201807,520106,"9CT GOLD CHAIN 18-20""/46-51CM",2,1,99.579,98.153,98.153,1.3,0.44,1.04
201807,520109,LADIES HAND/SHLDER BAG,2,1,95.297,91.487,91.487,1.35,0.77,1.08
201807,520118,FLOWER VASE,2,2,99.74,98.036,98.036,0.95,0.88,0.76
201807,520123,EARRINGS- FASHION,2,1,106.404,100.032,100.032,0.7,0.22,0.56
201807,520130,SOLID GOLD RING 9CT,2,1,102.392,101.875,101.875,1,0.33,0.8
201807,520131,GENT'S WATCH- ANALOGUE FACE,2,1,101.54,99.829,99.829,2,0.66,1.6
201807,520132,WALL HANGING MIRROR UPTO 1.5M,2,2,106.251,102.769,102.769,0.36,0.88,0.28
201807,520134,LUGGAGE TROLLEY CASE - 60-70CM,2,1,104.282,102.331,102.331,1.35,0.77,1.08
201807,520135,DIAMOND SOLITAIRE RING,2,1,98.842,97.709,97.709,2.7,0.88,2.16
201807,520136,PHOTO FRAME,2,1,101.763,99.572,99.572,0.75,0.88,0.6
201807,520137,STERLING SILVER EARRINGS,2,1,102.675,101.758,101.758,0.7,0.22,0.56
201807,520138,SPECTACLE FRAMES WITH LENSE,2,1,100.896,100.631,100.631,1.64,1.43,1.64
201807,520139,DAILY DISPOSABLE SOFT LENSES,2,1,100.322,100.293,100.293,1.36,1.21,1.36
201807,520140,NECKLACE FASHION APX 16/20 INS,2,1,107.503,101.5,101.5,0.9,0.33,0.72
201807,520141,MOBILE PHONE ACCESSORY,2,1,99.732,98.284,98.284,0.23,0.66,0.19
201807,520202,INDIGESTION TABLETS 16-24 PACK,1,1,99.431,99.341,99.431,0.9,0.45,0.75
201807,520206,TAMPONS-PACK OF 10-20,1,1,100.841,100.395,100.841,1.38,0.75,1.14
201807,520207,NHS PRESCRIPTION CHARGES,1,0,102.326,102.326,102.326,0.96,0.45,0.8
201807,520209,TOOTHPASTE (SPECIFY SIZE),1,1,97.763,99.219,97.763,1.38,0.75,1.14
201807,520213,TISSUES-LARGE SIZE BOX,1,1,101.259,100.994,101.259,1.38,0.75,1.14
201807,520215,MOISTURISER FACIAL 50-150ML,2,1,97.458,94.925,94.925,1.15,0.6,0.95
201807,520216,DEODORANT/ANTI PERSPI 50-250ML,1,1,104.184,103.521,104.184,1.15,0.6,0.95
201807,520219,"DISP NAPPIES, SPEC TYPE, 20-60",1,1,98.676,98.087,98.676,0.69,0.45,0.57
201807,520222,MULTI-VITAMINS CAPSULES/TABLET,1,1,101.743,101.771,101.743,0.84,0.45,0.7
201807,520223,MASCARA,2,1,101.742,101.213,101.213,0.69,0.45,0.57
201807,520226,SHAMPOO-250-400ML,1,1,97.803,96.348,97.803,0.46,0.3,0.38
201807,520227,PAIN KILLER TABLETS-16-24 PACK,1,1,100.251,100.845,100.251,0.96,0.45,0.8
201807,520228,PLASTERS-20-40 PACK,1,1,98.214,98.265,98.214,0.52,0.45,0.52
201807,520230,CONDOMS PACK OF 3-14,2,1,101.326,100.887,100.887,0.48,0.45,0.48
201807,520234,PERFUME/EUD DE TOILETTE,2,1,98.656,97.736,97.736,1.15,0.6,0.95
201807,520235,SUNSCREEN - SPEC SIZE/SPF,2,1,87.564,86.281,86.281,0.69,0.45,0.57
201807,520236,WOMENS HAIR COLOURANT 60-140ML,1,1,103.437,104.107,103.437,0.46,0.3,0.38
201807,520237,HAIR GEL 150-200ML,1,1,101.078,101.689,101.078,0.46,0.3,0.38
201807,520238,SHOWER GEL 150-250ML,1,1,98.347,97.572,98.347,0.92,0.45,0.76
201807,520241,RAZOR CARTRIDGE BLADES,1,1,99.02,98.975,99.02,0.69,0.45,0.57
201807,520242,COLD/FLU DRINK POWDER,1,1,100.898,100.864,100.898,0.9,0.45,0.75
201807,520243,LIQUID FOUNDATION 30-35ML,2,1,101.401,101.032,101.032,1.15,0.6,0.95
201807,520244,TOOTHBRUSH,1,1,98.305,98.029,98.305,0.69,0.45,0.57
201807,520245,ANTIHISTAMINE ALLERGY TABLETS,1,1,91.177,91.168,91.177,0.84,0.45,0.7
201807,520246,LIP GLOSS,2,1,98.35,97.714,97.714,1.15,0.6,0.95
201807,520247,LIQUID SOAP 200-300ML,1,1,96.428,96.416,96.428,0.92,0.45,0.76
201807,520248,CONDITIONER FOR HAIR,1,1,99.219,99.45,99.219,0.46,0.3,0.38
201807,520249,BABY WIPES 50-85,1,1,98.061,97.624,98.061,0.69,0.45,0.57
201807,520250,NAIL VARNISH BOTTLE 6-12mls,2,1,101.772,100.421,100.421,0.69,0.45,0.57
201807,520251,COUGH LIQUID BOTTLE 150-200MLS,1,1,108.924,108.517,108.924,0.6,0.3,0.5
201807,520252,BODY M'RISING LOTION 200-400ML,2,1,101.915,98.579,98.579,1.15,0.6,0.95
201807,520301,MAN'S HAIRCUT,2,1,101.196,101.11,101.11,1.54,1.6,1.32
201807,520303,WOMEN'S HRDRESSING-CUT/BLOWDRY,2,1,101.507,101.383,101.383,1.96,1.92,1.68
201807,520305,PRIVATE HEALTH CARE 1,1,0,104.442,104.442,104.442,0.62,1.12,0.62
201807,520306,PRIVATE HEALTH CARE 2,1,0,103.352,103.352,103.352,0.44,0.8,0.44
201807,520311,WOMENS HIGHLIGHTING,2,1,101.918,101.632,101.632,1.19,1.12,1.02
201807,520313,NON-NHS MEDICINE-PHYSIOTHERAPY,2,1,101.495,101.395,101.395,2.5,0.48,2
201807,520318,SLIMMING CLUBS,1,0,106.092,106.092,106.092,0.98,1.12,0.84
201807,520319,LA SUPPORTED RES IN RET HOMES,1,0,102.703,102.703,102.703,0.54,0,0.42
201807,520321,PRIVATE HEALTH CARE 3,1,0,104.442,104.442,104.442,1.61,0,1.15
201807,520322,PRIVATE HEALTH CARE 4,1,0,103.352,103.352,103.352,1.19,0,0.85
201807,520324,RESIDENTIAL HOME,2,1,103.851,103.68,103.68,2.34,0.32,1.82
201807,520325,NURSING HOME,2,1,103.011,102.822,102.822,2.8,0.32,2
201807,520326,PRIVATE DENTAL EXAMINATION,2,1,101.711,101.511,101.511,1.56,1.92,1.56
201807,520327,NHS DENTAL CHARGES,1,0,104.939,104.939,104.939,1.44,1.76,1.44
201807,520328,DENTAL INSURANCE,1,0,99.861,99.861,99.861,0.52,0.96,0.52
201807,520330,SELF PAY OPERATIONS,1,0,100.008,100.008,100.008,1.4,0.48,1
201807,520331,BASIC MANICURE,2,1,100.692,100.619,100.619,1.33,1.44,1.14
201807,520332,NON NHS CHIROPRACTOR,2,1,100.35,100.284,100.284,2.5,0.48,2
201807,520333,NEXT DAY BOUQUET DELIVERY - UK,1,0,100,100,100,0.12,0.16,0.09
201807,610101,3-YEAR-OLD SECOND-HAND CAR,1,0,99.9,99.9,99.9,9,14,7
201807,610102,2-YEAR-OLD SECOND-HAND CAR,1,0,100.46,100.46,100.46,9,14,7
201807,610110,CARAVANS,1,0,100.219,100.225,100.225,8.16,2,7.14
201807,610112,MOTORCYCLES,1,0,101.904,101.716,101.716,1.5,0.5,1
201807,610113,NEW CARS,1,0,102.566,102.566,102.566,28,19.5,22
201807,610204,"CAR TYRE, STATE SIZE",2,1,102.254,101.567,101.567,0.85,0.8,0.68
201807,610207,MOTOR-CAR SPARE PARTS,2,0,100.247,100.246,100.246,1.05,0.8,0.84
201807,610212,CAR BATTERY,2,1,102.563,102.263,102.263,1,0.8,0.8
201807,610221,WINDSCREEN WIPER BLADES,2,1,102.265,101.985,101.985,1.05,0.8,0.84
201807,610227,"CAR MOT TEST FEE, VAT EXEMPT",2,1,100.077,99.851,99.851,1.04,0.8,0.8
201807,610228,ROADSIDE RECOVERY SERVICE,1,0,105.392,105.176,105.176,1.68,0.8,1.33
201807,610231,CAR SERVICE- LOCAL GARAGE,2,1,101.794,101.732,101.732,1.92,0.96,1.52
201807,610232,CAR SERVICE- MAIN DEALER,2,1,103.935,103.411,103.411,2.16,0.96,1.71
201807,610235,CAR REPAIRS MAIN DEALER,2,1,101.36,101.259,101.259,6.24,2.88,4.94
201807,610236,CAR REPAIRS LOCAL GARAGE,2,1,101.042,100.916,100.916,6.24,2.88,4.94
201807,610237,CAR BULB 12 VOLT SPECIFY WATTS,2,1,98.441,97.427,97.427,1.05,0.8,0.84
201807,610238,CAR WASH HAND OR AUTOMATIC,2,1,101.578,101.319,101.319,1.68,0.8,1.33
201807,610239,EXHAUST FITTING FAST FIT CENT,2,1,102.798,102.259,102.259,2.16,0.96,1.71
201807,610240,BRAKE FITTING FAST FIT CENTRE,2,1,102.003,101.246,101.246,1.92,0.96,1.52
201807,610303,OIL PER LITRE-MULTIGRADE,1,1,100.757,101.104,100.757,0.31,0.34,0.25
201807,610307,ULTRA LOW SULPHUR DIESEL RPI,1,0,106.098,106.098,106.098,0,13.26,0
201807,610308,ULTRA LOW SULPHUR PETROL RPI,1,0,105.352,105.352,105.352,0,20.4,0
201807,610309,ULTRA LOW SULPHUR DIESEL CPI,1,0,105.72,105.72,105.72,11.16,0,9
201807,610310,ULTRA LOW SULPHUR PETROL CPI,1,0,105.152,105.152,105.152,19.53,0,15.75
201807,610409,VEHICLE EXCISE DUTY,1,0,106.992,106.992,106.992,7.67,6,5.9
201807,610417,CAR INSURANCE,2,0,96.118,93.24,93.24,3.72,18,2.79
201807,620101,LONDON TRANSPORT RAIL FARES,1,0,100,100,100,2.99,1.26,2.53
201807,620105,OTHER UNDERGROUND/METRO FARES,1,0,100.206,100.206,100.206,0.39,0.18,0.33
201807,620106,EURO TUNNEL FARES,1,0,201.596,201.596,201.596,0.39,0.18,0.33
201807,620107,RAIL FARES,1,0,100.017,100.017,100.017,9.23,4.38,7.81
201807,620203,COACH FARES,1,0,113.267,113.267,113.267,1.56,0.9,1.3
201807,620205,BUS FARES,1,0,102.536,102.536,102.536,3.72,2.1,3.1
201807,620302,TAXI FARES,2,0,100.787,100.782,100.782,2.16,1.12,1.8
201807,620303,SELF-DRIVE VAN HIRE,2,1,102.719,102.238,102.238,1.04,0.16,0.8
201807,620304,PUSHCHAIR/STROLLER,2,1,103.487,102.963,102.963,1.3,0.32,1.04
201807,620307,SELF-DRIVE CAR HIRE BASIC 24HR,2,1,135.052,125.11,125.11,1.17,0.16,0.9
201807,620308,MINICAB FARE FOR 2 MILES,1,2,101.232,101.371,101.232,2.16,1.12,1.8
201807,620310,AIR FARES,1,0,146.977,146.977,146.977,5,10.08,4
201807,620311,SEA FARES,1,0,121.32,121.32,121.32,4,0.16,3
201807,620313,ROAD TOLLS,1,0,100.589,100.589,100.589,0.52,0.8,0.4
201807,620314,BOATS,2,0,100.716,102.884,102.884,3.84,0.16,3.36
201807,620315,CAR PARK CHARGES,2,1,101.771,101.537,101.537,0.52,0.8,0.4
201807,620317,CHILDS BICYCLE,2,1,95.995,95.512,95.512,0.75,0.48,0.5
201807,620318,ADULT BIKE,2,1,101.878,101.218,101.218,0.75,0.48,0.5
201807,620319,CYCLE HELMET 12+ SPEC ROAD/MOU,2,1,98.284,97.305,97.305,0.4,0.16,0.32
201807,630122,PC PERIPHERALS,1,0,104.133,102.142,102.142,1.92,1.2,1.6
201807,630127,PERSONAL COMPUTERS (CPI),2,0,94.694,94.15,94.15,0.3,0.24,0.25
201807,630129,LAPTOP COMPUTERS,2,0,98.249,98.022,98.022,1.26,1.14,1.05
201807,630138,DIGITAL RADIO (DAB),2,1,97.323,96.265,96.265,0.15,0.06,0.12
201807,630146,BLU-RAY PLAYER,2,1,100.508,99.822,99.822,0.1,0.06,0.08
201807,630152,MP4 PLAYER,2,2,94.567,94.422,94.422,0.35,0.12,0.28
201807,630153,TABLET COMPUTERS,2,0,97.862,96.683,96.683,0.96,0.84,0.8
201807,630155,DVD PLAYER,2,1,95.285,94.624,94.624,0.1,0.06,0.08
201807,630156,HEADPHONES SPECIFY TYPE,2,1,102.227,100.882,100.882,0.25,0.3,0.2
201807,630158,HI-FI,2,1,101.396,100.731,100.731,1.05,0.36,0.84
201807,630159,"TELEVISION 39"" OR SMALLER",2,1,93.532,92.741,92.741,1.45,0.78,1.16
201807,630160,"TELEVISION 40"" OR LARGER",2,1,94.288,93.567,93.567,1.45,0.78,1.16
201807,630161,DIGITAL MEDIA PLAYER,2,0,98.34,98.985,98.985,0.1,0.06,0.08
201807,630223,CDS- PURCH OVER INTERNET,1,0,118.568,120.727,120.727,0.36,0.18,0.27
201807,630224,INTERNET DVDS,1,0,132.134,136.762,136.762,0.52,0.24,0.39
201807,630225,MUSIC DOWNLOADS,1,0,97.939,97.844,97.844,0.68,0.32,0.51
201807,630226,RECORDABLE CD PRICE PER CD,2,1,104.572,104.007,104.007,0.2,0.06,0.15
201807,630228,PRE-RECORDED DVD (FILM),2,2,110.862,108.295,108.295,0.8,0.38,0.6
201807,630229,PRE-RECORDED DVD (NON-FILM),2,2,104.465,100.462,100.462,0.32,0.16,0.24
201807,630230,CD ALBUM (TOP 40),1,2,103.53,103.733,103.53,0.32,0.16,0.24
201807,630231,CD ALBUM (NOT CHART),1,2,105.899,103.574,105.899,0.16,0.08,0.12
201807,630232,INTERNET BLU-RAY DISC,1,0,114.807,114.843,114.843,0.12,0.06,0.09
201807,630233,BLU RAY DISC (FILM) FROM CHART,2,2,107.837,105.527,105.527,0.24,0.12,0.18
201807,630234,COMPUTER SOFTWARE,2,0,96.187,93.161,93.161,1.56,0.24,1.3
201807,630309,BOXED BOARD GAME: NOT TRAVEL,2,1,104.508,103.375,103.375,1.05,0.2,0.85
201807,630312,CHILD'S PLASTIC DOLL,2,1,103.137,101.689,101.689,1.05,0.4,0.85
201807,630313,MODEL RD VEHICLE EG HOT WHEELS,1,1,99.934,100.853,99.934,1.26,0.5,1.02
201807,630314,CONSTRUCTION TOY: SPEC KIT NO,2,1,99.224,98.134,98.134,1.26,0.4,1.02
201807,630317,"SLEEPING BAG, ADULT",2,1,99.866,98.164,98.164,0.51,0.4,0.34
201807,630332,CHILD'S SOFT TOY/TEDDY BEAR,2,1,95.21,93.243,93.243,1.26,0.4,1.02
201807,630333,COMPUTER GAMES CONSOLE,1,0,99.959,99.959,99.959,3.15,0.6,2.55
201807,630334,INTERNET COMPUTER GAMES,1,0,95.846,94.146,94.146,1.05,0.2,0.85
201807,630336,FOOTBALL,2,1,105.599,103.725,103.725,0.51,0.4,0.34
201807,630340,CARBON FIBRE FISHING ROD,2,2,99.969,98.873,98.873,0.36,0.3,0.24
201807,630341,PRESCHOOL ACTIVITY TOY,2,1,102.392,99.872,99.872,2.31,0.8,1.87
201807,630342,BEGINNER'S ACOUSTIC GUITAR,2,2,100.67,100.286,100.286,1.28,0.5,1.12
201807,630343,MEN'S FOOTBALL BOOTS,2,1,103.129,101.137,101.137,0.51,0.4,0.34
201807,630345,GOLF BALLS PRICE PER BALL,1,1,102.591,102.294,102.591,0.51,0.4,0.34
201807,630347,CHILD'S BABY DOLL,2,1,97.405,96.03,96.03,1.26,0.4,1.02
201807,630348,WATERSPORTS EQUIPMENT,2,0,104.821,103.955,103.955,1.6,0.2,1.4
201807,630357,SQUASH/TENNIS RACQUET,2,1,106.821,102.724,102.724,0.48,0.4,0.32
201807,630358,PORTABLE DIGITAL STORAGE DEVIC,2,1,99.114,98.019,98.019,0.28,0.2,0.21
201807,630359,DIGITAL DEVELOPMENT PER PRINT,2,2,103.466,103.131,103.131,0.8,0.4,0.64
201807,630362,COMPUTER GAME TOP 20 CHART,2,2,104.6,95.254,95.254,2.94,0.5,2.38
201807,630365,CRAFT KIT FOR CHILD 5 YRS+,2,1,101.944,101.075,101.075,1.26,0.4,1.02
201807,630368,ELECTRONIC EDUCATIONAL TOY,2,1,97.105,96.309,96.309,0.21,0.1,0.17
201807,630369,CHARCOAL BBQ NOT DISPOSABLE,2,1,98.988,97.304,97.304,0.12,0.1,0.08
201807,630370,DIGITAL COMPACT CAMERAS,2,0,104.998,103.201,103.201,0.68,0.2,0.34
201807,630371,INTERCHANGEABLE LENS DIGI CAM,2,0,97.965,97.876,97.876,0.66,0.2,0.33
201807,630372,COMPUTER GAME DOWNLOADS,1,0,115.842,106.214,106.214,1.05,0.2,0.85
201807,630373,JIGSAW MINIMUM 100 PIECES,2,1,99.423,98.685,98.685,0.63,0.2,0.51
201807,630374,CHILDS SCOOTER AGE 5-12 YEARS,2,1,105.25,104.017,104.017,0.63,0.2,0.51
201807,630376,CHILDS SIT & RIDE TOY U'ER 5'S,2,1,101.01,100.316,100.316,0.63,0.2,0.51
201807,630377,ACTION CAMERA,2,2,102.621,100.609,100.609,0.66,0.2,0.33
201807,630407,SUNDAY NEWSPAPERS,1,0,103.145,103.145,103.145,0.44,0.42,0.33
201807,630408,NATIONAL DAILY NEWSPAPERS,1,0,101.958,101.958,101.958,1.44,1.38,1.08
201807,630412,PERIODICALS,1,0,100.404,100.404,100.404,1.28,1.26,0.96
201807,630422,BOOK-REFERENCE (EG ATLAS/DICT),2,2,104.023,102.124,102.124,0.12,0.06,0.09
201807,630425,BOOK-NON-FICTION-HARD-COVER,2,2,116.201,112.195,112.195,0.92,0.36,0.69
201807,630426,BOOK-NON-FICTION-PAPER-BACK,1,2,91.711,92.351,91.711,1.08,0.54,0.81
201807,630434,BOOK ILLUSTRATED FOR UNDER 5,1,2,100.428,101.363,100.428,0.32,0.18,0.24
201807,630435,BOOK - FICTION - HARD COVER,2,2,107.511,104.542,104.542,0.32,0.12,0.24
201807,630436,PROVINCIAL NEWSPAPERS,1,0,102.48,102.48,102.48,0.84,0.78,0.63
201807,630437,BOOK - TEENAGE FICTION,2,2,99.638,99.059,99.059,0.4,0.24,0.3
201807,630438,EBOOKS,1,2,104.51,101.362,101.362,0.32,0.36,0.24
201807,630439,BOOK FICTION P/BACK TOP 10,2,2,103.364,102.607,102.607,0.52,0.3,0.39
201807,630505,GARDEN SPADE,2,1,101.766,101.078,101.078,0.45,0.66,0.36
201807,630507,HOUSEPLANT,1,1,100.484,100.594,100.484,0.32,0.36,0.24
201807,630510,POTTING COMPOST,1,1,101.417,101.255,101.417,0.28,0.36,0.21
201807,630512,SEED PACK. SPEC VAR SEASONAL,1,1,101.502,101.182,101.182,0.28,0.3,0.21
201807,630518,CUT FLOWERS-CARNATIONS-STEM,1,1,100.792,100.737,100.792,1.48,1.68,1.11
201807,630519,POTTED SHRUB,2,1,102.352,100.306,100.306,1.04,1.2,0.78
201807,630520,"MOWER ELECTRIC, SPECIFY TYPE",2,1,103.138,102.838,102.838,0.65,0.84,0.52
201807,630524,INTERNET FLOWERS/BOUQUET,1,0,99.926,99.926,99.926,0.24,0.3,0.18
201807,630525,PLANT FOOD 800ML-2LT/500G-1.5K,1,1,101.487,101.65,101.487,0.24,0.3,0.18
201807,640119,DIGITAL TV MONTHLY SUBS,1,0,103.207,103.207,103.207,3.2,4.51,2.56
201807,640124,TV LICENCE,1,0,102.381,102.381,102.381,4,6.16,3.2
201807,640125,TV RENTALS,1,0,100,100,100,0.4,0.22,0.32
201807,640127,DVD RENT/VID ON DEM SUBS SERVS,2,0,100.035,100.035,100.035,0.2,0.11,0.16
201807,640211,HISTORIC MONUMENTS - ADMISSION,1,0,104.788,104.788,104.788,0.6,0.16,0.48
201807,640212,THEATRE ADULT EVES-FRONT STLLS,2,1,104.315,100.881,100.881,2.2,1.12,1.76
201807,640217,ATTRACTIONS,1,0,116.775,116.775,116.775,0.32,0.32,0.28
201807,640219,SWIMMING POOL ADM STND ADULT,1,2,102.335,102.275,102.335,0.4,0.48,0.35
201807,640221,FOOTBALL ADMISSION (GB),1,0,100,100,100,0.56,0.48,0.49
201807,640222,EXERCISE CLASS UPTO 1HR,1,2,102.334,102.329,102.334,0.32,0.48,0.28
201807,640224,TEN-PIN BOWLING PER GAME,1,2,101.816,101.695,101.816,0.32,0.48,0.28
201807,640226,PRIVATE HEALTH CLUB ANNUAL FEE,2,2,99.189,99.035,99.035,1.6,2.08,1.4
201807,640228,LEISURE CLASSES,1,0,100,100,100,3.04,4,2.66
201807,640229,GOLF GREEN FEES,1,0,133.532,132.034,132.034,0.4,0.48,0.35
201807,640230,HORSERACING ADMISSIONS,1,0,101.616,101.616,101.616,0.48,0.48,0.42
201807,640234,CINEMA ADMISSION,2,0,98.962,99.408,99.408,2.8,1.28,2.24
201807,640236,LIVE MUSIC,1,0,108.526,108.526,108.526,2.2,1.12,1.76
201807,640238,ADMISSION TO CULTURAL EVENT,1,0,112.084,112.084,112.084,1.4,0.48,1.12
201807,640239,SOCIAL SUBSCRIPTIONS,1,0,105.457,105.457,105.457,1.8,0.96,1.44
201807,640240,LIVERY CHARGES PER WEEK,2,1,101.346,101.271,101.271,1.12,0.48,0.98
201807,640241,MUSIC STREAMING SUBSCRIPTIONS,1,0,100,100,100,0.4,0.32,0.32
201807,640242,GAMES CONSOLES ONLINE SUB SERV,1,0,101.929,100.074,100.074,0.24,0.32,0.21
201807,640243,SOFT PLAY SESSION TIME PERIOD,2,1,101.407,101.338,101.338,0.32,0.48,0.28
201807,640303,FOREIGN HOLIDAYS-INSURANCE,2,0,102.903,102.567,102.567,0.28,0.94,0.21
201807,640304,FOREIGN HOLIDAYS-LATE BOOKING,2,0,104.927,103.833,103.833,5.46,7.05,4.34
201807,640305,FOREIGN HOLIDAYS-SELF CATERING,2,0,102.884,102.61,102.61,10.92,14.1,8.68
201807,640306,FOREIGN HOLIDAYS-HOTELS,2,0,102.963,102.797,102.797,12.09,15.98,9.61
201807,640307,FOREIGN HOLIDAYS-CRUISES,2,0,102.069,101.193,101.193,3.9,5.17,3.1
201807,640308,FOREIGN HOLIDAYS-CITY BREAKS,2,0,100.59,99.882,99.882,1.95,2.82,1.55
201807,640309,FOREIGN HOLIDAYS-COACH HOLIDAY,2,0,103.479,103.265,103.265,0.78,0.94,0.62
201807,640403,YOUTH HOSTEL ASSOCIATION,1,0,98.857,98.857,98.857,0.81,0.11,0.66
201807,640404,UK HOLIDAYS SELF CATERING,2,0,100.616,100.215,100.215,3.44,3.74,2.76
201807,640405,UK HOLIDAYS-EXCL SELF CATERING,2,0,102.318,101.693,101.693,3.9,5.28,3.1
201807,640406,HOTEL 1 NIGHT PRICE,2,1,112.88,110.71,110.71,8.91,1.87,7.26
201807,640407,CPI ACCOMODATION SERVICE PROXY,1,0,100.939,100.939,100.939,14.58,0,11.88
